{
  "spot_price": 67772.72,
  "target_price": 67788.85,
  "direction": "up",
  "ttm_days": 0.26824860095191017,
  "heston": {
    "prob_above": 0.5349528481723841,
    "prob_below": 0.4580631024246977,
    "r_squared": 0.9588407747325517,
    "params": {
      "v0": 0.27735637311257616,
      "kappa": 19.999999806387812,
      "theta": 3.9999998578183735,
      "xi": 14.699543428013694,
      "rho": -0.4200215290056335,
      "ttm": 0.0007349276738408498,
      "feller_satisfied": false,
      "feller_ratio": 0.7404781906079365
    }
  },
  "preferred_model": "ssvi_surface",
  "timestamp": "2026-03-08T09:50:25.679750+00:00",
  "ssvi_surface": {
    "prob_above": 0.538667469314388,
    "prob_below": 0.45417879383247206,
    "r_squared": 0.9776120477791572,
    "params": {
      "theta": 0.0002755940471463782,
      "rho": -0.34006530510761046,
      "phi": 44.55826714620963,
      "ttm": 0.0007349276738408498,
      "butterfly_satisfied": true,
      "butterfly_cond1": 0.01645599280299143,
      "butterfly_cond2": 0.7332505234717951
    },
    "surface_params": {
      "rho": -0.34006530510761046,
      "eta": 0.7397889084075195,
      "lam": 0.4999874691435503,
      "thetas": [
        0.0009600316966413292,
        0.002168443509479918,
        0.0033345164664824786,
        0.004534393975322724
      ],
      "ttms": [
        0.0025601201075702144,
        0.005297970894702316,
        0.008035821681834417,
        0.010773672468966518
      ],
      "expiry_names": [
        "9MAR26",
        "10MAR26",
        "11MAR26",
        "12MAR26"
      ],
      "per_slice": [
        {
          "theta": 0.0009600316966413292,
          "rho": -0.34006530510761046,
          "phi": 23.874111350652775,
          "ttm": 0.0025601201075702144,
          "butterfly_satisfied": true,
          "butterfly_cond1": 0.03071416764530611,
          "butterfly_cond2": 0.7332734584066549
        },
        {
          "theta": 0.002168443509479918,
          "rho": -0.34006530510761046,
          "phi": 15.885481347766857,
          "ttm": 0.005297970894702316,
          "butterfly_satisfied": true,
          "butterfly_cond1": 0.046160919907480696,
          "butterfly_cond2": 0.7332884321860444
        },
        {
          "theta": 0.0033345164664824786,
          "rho": -0.34006530510761046,
          "phi": 12.810330780452444,
          "ttm": 0.008035821681834417,
          "butterfly_satisfied": true,
          "butterfly_cond1": 0.057242576554084094,
          "butterfly_cond2": 0.7332963403831889
        },
        {
          "theta": 0.004534393975322724,
          "rho": -0.34006530510761046,
          "phi": 10.985474595645199,
          "ttm": 0.010773672468966518,
          "butterfly_satisfied": true,
          "butterfly_cond1": 0.06675196257092503,
          "butterfly_cond2": 0.733301989032356
        }
      ]
    },
    "mc_prob_above": 0.513512,
    "mc_prob_below": 0.48648800000000003
  },
  "timing": {
    "calibration_s": 1002.4695866107941,
    "surface_fit_s": 2.252436637878418,
    "mc_s": 11.507121086120605,
    "bl_s": 0.6694810390472412,
    "surface_bl_s": 0.020850658416748047
  },
  "bl_prob_above": 0.5349528481723841,
  "bl_prob_below": 0.4580631024246977,
  "avg_prob_above": 0.526089734657194,
  "avg_prob_below": 0.47033339691623605,
  "bl_mc_divergence": 0.025155469314388057
}