{
  "15FEB26": {
    "theta": 0.000154596509564638,
    "rho": 0.10781731574164596,
    "phi": 114.52324991425812,
    "ttm": 0.0023104448171249042,
    "butterfly_satisfied": true,
    "butterfly_cond1": 0.019613788922865638,
    "butterfly_cond2": 2.246234850578849
  },
  "16FEB26": {
    "theta": 0.000644326895646286,
    "rho": -0.0605346418270882,
    "phi": 38.08424923758174,
    "ttm": 0.005048295604257006,
    "butterfly_satisfied": true,
    "butterfly_cond1": 0.02602414786798198,
    "butterfly_cond2": 0.9911101335999071
  },
  "17FEB26": {
    "theta": 0.0012381533213952634,
    "rho": -0.10302368750067649,
    "phi": 26.354206570548367,
    "ttm": 0.007786146391389107,
    "butterfly_satisfied": true,
    "butterfly_cond1": 0.035992267819198905,
    "butterfly_cond2": 0.9485476610496683
  },
  "18FEB26": {
    "theta": 0.0019820998937094157,
    "rho": -0.1738039385813658,
    "phi": 17.50171754565287,
    "ttm": 0.010523997178521208,
    "butterfly_satisfied": true,
    "butterfly_cond1": 0.04071943761919446,
    "butterfly_cond2": 0.712660095828973
  },
  "20FEB26": {
    "theta": 0.0029922619951104103,
    "rho": -0.18920183661623,
    "phi": 21.787467153676232,
    "ttm": 0.01599969875278541,
    "butterfly_satisfied": true,
    "butterfly_cond1": 0.07752859850912,
    "butterfly_cond2": 1.6891517934880043
  },
  "27FEB26": {
    "theta": 0.0072286793534028235,
    "rho": -0.22186665575730616,
    "phi": 13.199887570001454,
    "ttm": 0.03516465426271012,
    "butterfly_satisfied": true,
    "butterfly_cond1": 0.11658777288954292,
    "butterfly_cond2": 1.5389454941788303
  },
  "6MAR26": {
    "theta": 0.012090145583133637,
    "rho": -0.31802456993862366,
    "phi": 7.371041552284676,
    "ttm": 0.05432960977263483,
    "butterfly_satisfied": true,
    "butterfly_cond1": 0.11745835008315172,
    "butterfly_cond2": 0.8657903791257116
  },
  "27MAR26": {
    "theta": 0.025544237924684732,
    "rho": -0.3120560666979026,
    "phi": 5.0,
    "ttm": 0.11182447630240895,
    "butterfly_satisfied": true,
    "butterfly_cond1": 0.16757736169128623,
    "butterfly_cond2": 0.8378868084564312
  },
  "24APR26": {
    "theta": 0.04259886389653266,
    "rho": -0.3261086685238739,
    "phi": 3.951273254272947,
    "ttm": 0.18848429834210778,
    "butterfly_satisfied": true,
    "butterfly_cond1": 0.2232102816497569,
    "butterfly_cond2": 0.8819648159614161
  },
  "26JUN26": {
    "theta": 0.08263139072514131,
    "rho": -0.31203088663697837,
    "phi": 2.8940959430635336,
    "ttm": 0.36096889793143017,
    "butterfly_satisfied": true,
    "butterfly_cond1": 0.31376322886789587,
    "butterfly_cond2": 0.9080608877490925
  },
  "25SEP26": {
    "theta": 0.1474603700950356,
    "rho": -0.27851134252312,
    "phi": 2.0984388523512636,
    "ttm": 0.6101133195604513,
    "butterfly_satisfied": true,
    "butterfly_cond1": 0.3956181642673472,
    "butterfly_cond2": 0.8301805265944858
  },
  "25DEC26": {
    "theta": 0.21263909354748972,
    "rho": -0.2622269811314797,
    "phi": 1.7391599319286948,
    "ttm": 0.8592577411894726,
    "butterfly_satisfied": true,
    "butterfly_cond1": 0.4667884406838324,
    "butterfly_cond2": 0.8118197527247956
  }
}