{
  "spot_price": 70298.0,
  "reference_price": 75000.0,
  "direction": "up",
  "ttm_days": 0.7176982891858064,
  "heston": {
    "prob_above": 0.0,
    "prob_below": 1.0,
    "r_squared": 0.7900635175031232,
    "params": {
      "v0": 0.06417060949999998,
      "kappa": 10.0,
      "theta": 0.10132201499999996,
      "xi": 14.46375724805994,
      "rho": 0.005819731974376318,
      "ttm": 0.001966296682700839,
      "feller_satisfied": false,
      "feller_ratio": 0.009686604438231139
    }
  },
  "preferred_model": "ssvi_surface",
  "timestamp": "2026-02-14T11:50:10.095020+00:00",
  "ssvi_surface": {
    "prob_above": 0.01197390129657641,
    "prob_below": 0.9877068221488338,
    "r_squared": 0.9626184455914382,
    "params": {
      "theta": 0.000654289824467537,
      "rho": -0.09670315813550692,
      "phi": 35.89716375763218,
      "ttm": 0.001966296682700839,
      "butterfly_satisfied": true,
      "butterfly_cond1": 0.025758430455235327,
      "butterfly_cond2": 0.9246545961911625
    },
    "surface_params": {
      "rho": -0.09670315813550692,
      "eta": 0.9655875271726986,
      "lam": 0.49313917995822537,
      "thetas": [
        0.000654289824467537,
        0.0012430171931819625,
        0.0019220392935505128
      ],
      "ttms": [
        0.005048263953921671,
        0.007786114741053772,
        0.010523965528185873
      ],
      "expiry_names": [
        "16FEB26",
        "17FEB26",
        "18FEB26"
      ],
      "per_slice": [
        {
          "theta": 0.000654289824467537,
          "rho": -0.09670315813550692,
          "phi": 35.89716375763218,
          "ttm": 0.005048263953921671,
          "butterfly_satisfied": true,
          "butterfly_cond1": 0.025758430455235327,
          "butterfly_cond2": 0.9246545961911625
        },
        {
          "theta": 0.0012430171931819625,
          "rho": -0.09670315813550692,
          "phi": 26.158859774152337,
          "ttm": 0.007786114741053772,
          "butterfly_satisfied": true,
          "butterfly_cond1": 0.035660303877199866,
          "butterfly_cond2": 0.9328328886273323
        },
        {
          "theta": 0.0019220392935505128,
          "rho": -0.09670315813550692,
          "phi": 21.09963282963866,
          "ttm": 0.010523965528185873,
          "butterfly_satisfied": true,
          "butterfly_cond1": 0.044476054524760326,
          "butterfly_cond2": 0.9384284201834321
        }
      ]
    },
    "mc_prob_above": 0.008486,
    "mc_prob_below": 0.991514
  },
  "timing": {
    "calibration_s": 58.58485746383667,
    "surface_fit_s": 1.9061050415039062,
    "mc_s": 50.898115158081055,
    "bl_s": 0.4706881046295166,
    "surface_bl_s": 0.0010991096496582031
  },
  "bl_prob_above": 0.0,
  "bl_prob_below": 1.0,
  "avg_prob_above": 0.010229950648288206,
  "avg_prob_below": 0.9896104110744168,
  "bl_mc_divergence": 0.003487901296576409
}