{
  "spot_price": 70161.99,
  "reference_price": 105000.0,
  "direction": "up",
  "ttm_days": 0.7212315193271985,
  "heston": {
    "prob_above": 0.0,
    "prob_below": 0.9999999999999999,
    "r_squared": 0.802483386933487,
    "params": {
      "v0": 0.0664622375,
      "kappa": 10.0,
      "theta": 0.104940375,
      "xi": 14.025573766860994,
      "rho": -0.03474390645351384,
      "ttm": 0.001975976765279996,
      "feller_satisfied": false,
      "feller_ratio": 0.010669187171506929
    }
  },
  "preferred_model": "ssvi_surface",
  "timestamp": "2026-02-14T11:44:35.872409+00:00",
  "ssvi_surface": {
    "prob_above": 0.0,
    "prob_below": 1.0,
    "r_squared": 0.96585856706487,
    "params": {
      "theta": 0.0006651511187234389,
      "rho": -0.12147388089613607,
      "phi": 35.30123190425239,
      "ttm": 0.001975976765279996,
      "butterfly_satisfied": true,
      "butterfly_cond1": 0.02633294004784282,
      "butterfly_cond2": 0.9295852233496744
    },
    "surface_params": {
      "rho": -0.12147388089613607,
      "eta": 0.9104372621742943,
      "lam": 0.5,
      "thetas": [
        0.0006651511187234389,
        0.001258416331566906,
        0.0019510758548058672
      ],
      "ttms": [
        0.005057943905256914,
        0.007795794692389016,
        0.010533645479521117
      ],
      "expiry_names": [
        "16FEB26",
        "17FEB26",
        "18FEB26"
      ],
      "per_slice": [
        {
          "theta": 0.0006651511187234389,
          "rho": -0.12147388089613607,
          "phi": 35.30123190425239,
          "ttm": 0.005057943905256914,
          "butterfly_satisfied": true,
          "butterfly_cond1": 0.02633294004784282,
          "butterfly_cond2": 0.9295852233496744
        },
        {
          "theta": 0.001258416331566906,
          "rho": -0.12147388089613607,
          "phi": 25.664798046119046,
          "ttm": 0.007795794692389016,
          "butterfly_satisfied": true,
          "butterfly_cond1": 0.03622024306130253,
          "butterfly_cond2": 0.9295852233496741
        },
        {
          "theta": 0.0019510758548058672,
          "rho": -0.12147388089613607,
          "phi": 20.611658907349028,
          "ttm": 0.010533645479521117,
          "butterfly_satisfied": true,
          "butterfly_cond1": 0.045099971211838424,
          "butterfly_cond2": 0.9295852233496742
        }
      ]
    },
    "mc_prob_above": 0.0,
    "mc_prob_below": 1.0
  },
  "timing": {
    "calibration_s": 63.60342741012573,
    "surface_fit_s": 2.772975206375122,
    "mc_s": 53.02851867675781,
    "bl_s": 0.44339656829833984,
    "surface_bl_s": 0.0014147758483886719
  },
  "bl_prob_above": 0.0,
  "bl_prob_below": 0.9999999999999999,
  "avg_prob_above": 0.0,
  "avg_prob_below": 1.0,
  "bl_mc_divergence": 0.0
}