{
  "spot_price": 70162.0,
  "reference_price": 95000.0,
  "direction": "up",
  "ttm_days": 0.721205430124756,
  "heston": {
    "prob_above": 0.0,
    "prob_below": 1.0000000000000002,
    "r_squared": 0.8023099603398353,
    "params": {
      "v0": 0.06641199200000002,
      "kappa": 10.0,
      "theta": 0.10486104000000002,
      "xi": 14.026016333293569,
      "rho": -0.03507675821738718,
      "ttm": 0.00197590528801303,
      "feller_satisfied": false,
      "feller_ratio": 0.010660448482743484
    }
  },
  "preferred_model": "ssvi_surface",
  "timestamp": "2026-02-14T11:41:59.743322+00:00",
  "ssvi_surface": {
    "prob_above": 0.0,
    "prob_below": 1.0000000000000002,
    "r_squared": 0.9656610604207558,
    "params": {
      "theta": 0.0006653390978626683,
      "rho": -0.1212440032378003,
      "phi": 35.26410884948474,
      "ttm": 0.00197590528801303,
      "butterfly_satisfied": true,
      "butterfly_cond1": 0.0263072887514948,
      "butterfly_cond2": 0.9277030940675381
    },
    "surface_params": {
      "rho": -0.1212440032378003,
      "eta": 0.9411352108879119,
      "lam": 0.4953422138192396,
      "thetas": [
        0.0006653390978626683,
        0.0012576173065185392,
        0.001949550888509139
      ],
      "ttms": [
        0.005057871548274921,
        0.007795722335407023,
        0.010533573122539124
      ],
      "expiry_names": [
        "16FEB26",
        "17FEB26",
        "18FEB26"
      ],
      "per_slice": [
        {
          "theta": 0.0006653390978626683,
          "rho": -0.1212440032378003,
          "phi": 35.26410884948474,
          "ttm": 0.005057871548274921,
          "butterfly_satisfied": true,
          "butterfly_cond1": 0.0263072887514948,
          "butterfly_cond2": 0.9277030940675381
        },
        {
          "theta": 0.0012576173065185392,
          "rho": -0.1212440032378003,
          "phi": 25.725752468700158,
          "ttm": 0.007795722335407023,
          "butterfly_satisfied": true,
          "butterfly_cond1": 0.03627577713644497,
          "butterfly_cond2": 0.9332216632219159
        },
        {
          "theta": 0.001949550888509139,
          "rho": -0.1212440032378003,
          "phi": 20.704360878018832,
          "ttm": 0.010533573122539124,
          "butterfly_satisfied": true,
          "butterfly_cond1": 0.04525812296513869,
          "butterfly_cond2": 0.9370405105319832
        }
      ]
    },
    "mc_prob_above": 0.0,
    "mc_prob_below": 1.0
  },
  "timing": {
    "calibration_s": 63.80431532859802,
    "surface_fit_s": 2.225668430328369,
    "mc_s": 64.29031014442444,
    "bl_s": 0.6667270660400391,
    "surface_bl_s": 0.0019440650939941406
  },
  "bl_prob_above": 0.0,
  "bl_prob_below": 1.0000000000000002,
  "avg_prob_above": 0.0,
  "avg_prob_below": 1.0,
  "bl_mc_divergence": 0.0
}